{
  "accuracy": 0.7569060773480663,
  "f1_macro": 0.542795232936078,
  "f1_weighted": 0.7857454972076402,
  "precision_macro": 0.5104325699745548,
  "recall_macro": 0.6229380641145347,
  "cv_accuracy_mean": 0.7285249042145594,
  "cv_accuracy_std": 0.04178132592250624,
  "cv_f1_macro_mean": 0.5087391613316367,
  "cv_f1_macro_std": 0.049822541832410375,
  "cv_f1_weighted_mean": 0.7636331198507712,
  "cv_f1_weighted_std": 0.03113123900411503,
  "confusion_matrix": [
    [
      10,
      2,
      2
    ],
    [
      2,
      5,
      7
    ],
    [
      13,
      18,
      122
    ]
  ]
}