{
  "accuracy": 0.8453038674033149,
  "f1_macro": 0.3761531488295206,
  "f1_weighted": 0.7922162288288017,
  "precision_macro": 0.41931818181818176,
  "recall_macro": 0.3765950824774354,
  "cv_accuracy_mean": 0.8504214559386973,
  "cv_accuracy_std": 0.013531821790355059,
  "cv_f1_macro_mean": 0.410763077742441,
  "cv_f1_macro_std": 0.059773811223327235,
  "cv_f1_weighted_mean": 0.800117117163382,
  "cv_f1_weighted_std": 0.01950463796445778,
  "confusion_matrix": [
    [
      2,
      0,
      12
    ],
    [
      1,
      0,
      13
    ],
    [
      2,
      0,
      151
    ]
  ]
}