{
  "accuracy": 0.8397790055248618,
  "f1_macro": 0.3043043043043043,
  "f1_weighted": 0.7716888158877109,
  "precision_macro": 0.2814814814814815,
  "recall_macro": 0.3311546840958606,
  "cv_accuracy_mean": 0.8421168582375479,
  "cv_accuracy_std": 0.00997482923088349,
  "cv_f1_macro_mean": 0.3268950535286186,
  "cv_f1_macro_std": 0.028608966924072658,
  "cv_f1_weighted_mean": 0.7760589137758006,
  "cv_f1_weighted_std": 0.011813435723003984,
  "confusion_matrix": [
    [
      0,
      0,
      14
    ],
    [
      0,
      0,
      14
    ],
    [
      0,
      1,
      152
    ]
  ]
}